autoID,interaction.type,con.taxonomy,con.taxonomy.level,res.taxonomy,res.taxonomy.level,geographic.location,con.movement.type,res.movement.type
200198,herbivorous,Lottia Subrugosa,species,Ulva Lactuca,species,Brasil (SP),walking,sessile
200201,herbivorous,Nodilittorina Lineolata,species,Ulva Lactuca,species,Brasil (SP),walking,sessile
200202,predacious,Stramonita Haemastoma,species,Tetraclita Stalactifera,species,Brasil (SP),walking,sessile
200216,predacious,Eriphia Gonagra,species,Stramonita Haemastoma,species,Brasil (SP),walking,walking
200217,predacious,Eriphia Gonagra,species,Nodilittorina Lineolata,species,Brasil (SP),walking,walking
200226,predacious,Stramonita Haemastoma,species,Mytilaster Solisianus,species,Brasil (SP),walking,sessile
200227,predacious,Morula Nodulosa,species,Mytilaster Solisianus,species,Brasil (SP),walking,sessile
200228,predacious,Eriphia Gonagra,species,Mytilaster Solisianus,species,Brasil (SP),walking,sessile
200229,predacious,Pachygrapsus Transversus,species,Pachygrapsus Transversus,species,Brasil (SP),walking,walking
200233,herbivorous,Clibanarius Vittatus,species,Ulva Lactuca,species,Brasil (SP),walking,sessile
200234,herbivorous,Pachygrapsus Transversus,species,Ulva Lactuca,species,Brasil (SP),walking,sessile
200235,herbivorous,Nodilittorina Lineolata,species,Ulva Lactuca,species,Brasil (SP),walking,sessile
200240,herbivorous,Eriphia Gonagra,species,Ulva Lactuca,species,Brasil (SP),walking,sessile
200245,predacious,Bunodosoma Caissarum,species,Clibanarius Vittatus,species,Brasil (SP),sessile,walking
200257,herbivorous,Clibanarius Vittatus,species,Ulva Lactuca,species,Brasil (SP),walking,sessile
200258,herbivorous,Pachygrapsus Transversus,species,Ulva Lactuca,species,Brasil (SP),walking,sessile
200259,herbivorous,Scartella Cristata,species,Ulva Lactuca,species,Brasil (SP),swimming,sessile
200263,herbivorous,Alpheus Formosus,species,Ulva Lactuca,species,Brasil (SP),walking,sessile
200264,herbivorous,Palaemon Northropi,species,Ulva Lactuca,species,Brasil (SP),swimming,sessile
200265,herbivorous,Eriphia Gonagra,species,Ulva Lactuca,species,Brasil (SP),walking,sessile
200267,predacious,Clibanarius Vittatus,species,Odontesthes Argentinensis,species,Brasil (SP),walking,swimming
200268,predacious,Bunodosoma Caissarum,species,Odontesthes Argentinensis,species,Brasil (SP),sessile,swimming
200269,predacious,Pachygrapsus Transversus,species,Odontesthes Argentinensis,species,Brasil (SP),walking,swimming
200270,predacious,Bunodosoma Caissarum,species,Pachygrapsus Transversus,species,Brasil (SP),sessile,walking
200271,predacious,Pachygrapsus Transversus,species,Pachygrapsus Transversus,species,Brasil (SP),walking,walking
200272,predacious,Bunodosoma Caissarum,species,Scartella Cristata,species,Brasil (SP),sessile,swimming
200273,predacious,Pachygrapsus Transversus,species,Scartella Cristata,species,Brasil (SP),walking,swimming
200294,predacious,Bunodosoma Caissarum,species,Alpheus Formosus,species,Brasil (SP),sessile,walking
200295,predacious,Bunodosoma Caissarum,species,Palaemon Northropi,species,Brasil (SP),sessile,swimming
200296,predacious,Bunodosoma Caissarum,species,Eriphia Gonagra,species,Brasil (SP),sessile,walking
200306,herbivorous,Pachygrapsus Transversus,species,Ulva Lactuca,species,Brasil (SP),walking,sessile
200308,herbivorous,Bathygobius Soporator,species,Ulva Lactuca,species,Brasil (SP),swimming,sessile
200309,predacious,Pachygrapsus Transversus,species,Pachygrapsus Transversus,species,Brasil (SP),walking,walking
200310,predacious,Bathygobius Soporator,species,Pachygrapsus Transversus,species,Brasil (SP),swimming,walking
200311,predacious,Pachygrapsus Transversus,species,Bathygobius Soporator,species,Brasil (SP),walking,swimming
200312,predacious,Bathygobius Soporator,species,Callinectes Sapidus,species,Brasil (SP),swimming,walking
200334,herbivorous,Ischnochiton Striolatus,species,Ulva Lactuca,species,Brasil (SP),walking,sessile
200335,herbivorous,Lottia Subrugosa,species,Ulva Lactuca,species,Brasil (SP),walking,sessile
200336,herbivorous,Tegula Viridula,species,Ulva Lactuca,species,Brasil (SP),walking,sessile
200338,herbivorous,Nodilittorina Lineolata,species,Ulva Lactuca,species,Brasil (SP),walking,sessile
200339,herbivorous,Bathygobius Soporator,species,Ulva Lactuca,species,Brasil (SP),swimming,sessile
200341,herbivorous,Microphrys Bicornutus,species,Ulva Lactuca,species,Brasil (SP),walking,sessile
200342,herbivorous,Ischnochiton Striolatus,species,Sargassum Cymosum,species,Brasil (SP),walking,sessile
200343,herbivorous,Lottia Subrugosa,species,Sargassum Cymosum,species,Brasil (SP),walking,sessile
200344,herbivorous,Tegula Viridula,species,Sargassum Cymosum,species,Brasil (SP),walking,sessile
200346,herbivorous,Nodilittorina Lineolata,species,Sargassum Cymosum,species,Brasil (SP),walking,sessile
200347,herbivorous,Bathygobius Soporator,species,Sargassum Cymosum,species,Brasil (SP),swimming,sessile
200349,herbivorous,Microphrys Bicornutus,species,Sargassum Cymosum,species,Brasil (SP),walking,sessile
200382,herbivorous,Ischnochiton Striolatus,species,Hypnea Musciformis,species,Brasil (SP),walking,sessile
200383,herbivorous,Lottia Subrugosa,species,Hypnea Musciformis,species,Brasil (SP),walking,sessile
200384,herbivorous,Tegula Viridula,species,Hypnea Musciformis,species,Brasil (SP),walking,sessile
200386,herbivorous,Nodilittorina Lineolata,species,Hypnea Musciformis,species,Brasil (SP),walking,sessile
200387,herbivorous,Bathygobius Soporator,species,Hypnea Musciformis,species,Brasil (SP),swimming,sessile
200389,herbivorous,Microphrys Bicornutus,species,Hypnea Musciformis,species,Brasil (SP),walking,sessile
200398,predacious,Microphrys Bicornutus,species,Hymeniacidon Heliophila,species,Brasil (SP),walking,sessile
200405,predacious,Bunodosoma Caissarum,species,Nodilittorina Lineolata,species,Brasil (SP),sessile,walking
200406,predacious,Bunodosoma Caissarum,species,Mytilaster Solisianus,species,Brasil (SP),sessile,sessile
200407,predacious,Stramonita Haemastoma,species,Mytilaster Solisianus,species,Brasil (SP),walking,sessile
200423,herbivorous,Pachygrapsus Transversus,species,Ulva Lactuca,species,Brasil (SP),walking,sessile
200424,herbivorous,Nodilittorina Lineolata,species,Ulva Lactuca,species,Brasil (SP),walking,sessile
200426,herbivorous,Pachygrapsus Transversus,species,Rhizoclonium Riparium,species,Brasil (SP),walking,sessile
200427,herbivorous,Nodilittorina Lineolata,species,Rhizoclonium Riparium,species,Brasil (SP),walking,sessile
200428,predacious,Pachygrapsus Transversus,species,Pachygrapsus Transversus,species,Brasil (SP),walking,walking
200433,herbivorous,Pachygrapsus Transversus,species,Asteronema Breviarticulatum,species,Brasil (SP),walking,sessile
200434,herbivorous,Nodilittorina Lineolata,species,Asteronema Breviarticulatum,species,Brasil (SP),walking,sessile
200436,herbivorous,Pachygrapsus Transversus,species,Acanthophora Spicifera,species,Brasil (SP),walking,sessile
200437,herbivorous,Nodilittorina Lineolata,species,Acanthophora Spicifera,species,Brasil (SP),walking,sessile
200439,herbivorous,Pachygrapsus Transversus,species,Hypnea Musciformis,species,Brasil (SP),walking,sessile
200440,herbivorous,Nodilittorina Lineolata,species,Hypnea Musciformis,species,Brasil (SP),walking,sessile
200442,herbivorous,Pachygrapsus Transversus,species,Jania Rubens,species,Brasil (SP),walking,sessile
200443,herbivorous,Nodilittorina Lineolata,species,Jania Rubens,species,Brasil (SP),walking,sessile
200464,herbivorous,Fissurella Clenchi,species,Ulva Lactuca,species,Brasil (SP),walking,sessile
200465,herbivorous,Pachygrapsus Transversus,species,Ulva Lactuca,species,Brasil (SP),walking,sessile
200469,herbivorous,Fissurella Clenchi,species,Caulerpa Racemosa,species,Brasil (SP),walking,sessile
200470,herbivorous,Pachygrapsus Transversus,species,Caulerpa Racemosa,species,Brasil (SP),walking,sessile
200474,herbivorous,Fissurella Clenchi,species,Sargassum Cymosum,species,Brasil (SP),walking,sessile
200475,herbivorous,Pachygrapsus Transversus,species,Sargassum Cymosum,species,Brasil (SP),walking,sessile
200479,herbivorous,Fissurella Clenchi,species,Colpomenia Peregrina,species,Brasil (SP),walking,sessile
200480,herbivorous,Pachygrapsus Transversus,species,Colpomenia Peregrina,species,Brasil (SP),walking,sessile
200484,herbivorous,Fissurella Clenchi,species,Hypnea Musciformis,species,Brasil (SP),walking,sessile
200485,herbivorous,Pachygrapsus Transversus,species,Hypnea Musciformis,species,Brasil (SP),walking,sessile
200494,predacious,Stramonita Haemastoma,species,Mytilaster Solisianus,species,Brasil (SP),walking,sessile
200495,predacious,Pachygrapsus Transversus,species,Pachygrapsus Transversus,species,Brasil (SP),walking,walking
200496,predacious,Stramonita Haemastoma,species,Tetraclita Stalactifera,species,Brasil (SP),walking,sessile
200511,herbivorous,Lottia Subrugosa,species,Ulva Lactuca,species,Brasil (SP),walking,sessile
200512,herbivorous,Pachygrapsus Transversus,species,Ulva Lactuca,species,Brasil (SP),walking,sessile
200513,herbivorous,Nodilittorina Lineolata,species,Ulva Lactuca,species,Brasil (SP),walking,sessile
200519,predacious,Stramonita Haemastoma,species,Tetraclita Stalactifera,species,Brasil (SP),walking,sessile
200520,predacious,Pachygrapsus Transversus,species,Pachygrapsus Transversus,species,Brasil (SP),walking,walking
200521,predacious,Stramonita Haemastoma,species,Mytilaster Solisianus,species,Brasil (SP),walking,sessile
200524,predacious,Bunodosoma Cangicum,species,Lottia Subrugosa,species,Brasil (SP),sessile,walking
200540,predacious,Bunodosoma Cangicum,species,Pachygrapsus Transversus,species,Brasil (SP),sessile,walking
200541,predacious,Pachygrapsus Transversus,species,Pachygrapsus Transversus,species,Brasil (SP),walking,walking
200544,predacious,Bunodosoma Cangicum,species,Fissurella Clenchi,species,Brasil (SP),sessile,walking
200545,predacious,Bunodosoma Cangicum,species,Mytilaster Solisianus,species,Brasil (SP),sessile,sessile
200548,herbivorous,Lottia Subrugosa,species,Ulva Lactuca,species,Brasil (SP),walking,sessile
200549,herbivorous,Fissurella Clenchi,species,Ulva Lactuca,species,Brasil (SP),walking,sessile
200550,herbivorous,Pachygrapsus Transversus,species,Ulva Lactuca,species,Brasil (SP),walking,sessile
200553,herbivorous,Palaemon Northropi,species,Ulva Lactuca,species,Brasil (SP),swimming,sessile
200554,predacious,Bunodosoma Cangicum,species,Palaemon Northropi,species,Brasil (SP),sessile,swimming
200555,predacious,Palaemon Northropi,species,Palaemon Northropi,species,Brasil (SP),swimming,swimming
200570,herbivorous,Ischnochiton Striolatus,species,Ulva Lactuca,species,Brasil (SP),walking,sessile
200571,herbivorous,Clibanarius Vittatus,species,Ulva Lactuca,species,Brasil (SP),walking,sessile
200572,herbivorous,Tegula Viridula,species,Ulva Lactuca,species,Brasil (SP),walking,sessile
200573,herbivorous,Bathygobius Soporator,species,Ulva Lactuca,species,Brasil (SP),swimming,sessile
200576,herbivorous,Litopenaeus Schmitti,species,Ulva Lactuca,species,Brasil (SP),walking,sessile
200577,herbivorous,Alpheus Formosus,species,Ulva Lactuca,species,Brasil (SP),walking,sessile
200578,herbivorous,Palaemon Northropi,species,Ulva Lactuca,species,Brasil (SP),swimming,sessile
200579,herbivorous,Ischnochiton Striolatus,species,Caulerpa Racemosa,species,Brasil (SP),walking,sessile
200580,herbivorous,Clibanarius Vittatus,species,Caulerpa Racemosa,species,Brasil (SP),walking,sessile
200581,herbivorous,Tegula Viridula,species,Caulerpa Racemosa,species,Brasil (SP),walking,sessile
200582,herbivorous,Bathygobius Soporator,species,Caulerpa Racemosa,species,Brasil (SP),swimming,sessile
200585,herbivorous,Litopenaeus Schmitti,species,Caulerpa Racemosa,species,Brasil (SP),walking,sessile
200586,herbivorous,Alpheus Formosus,species,Caulerpa Racemosa,species,Brasil (SP),walking,sessile
200587,herbivorous,Palaemon Northropi,species,Caulerpa Racemosa,species,Brasil (SP),swimming,sessile
200606,herbivorous,Ischnochiton Striolatus,species,Acanthophora Spicifera,species,Brasil (SP),walking,sessile
200607,herbivorous,Clibanarius Vittatus,species,Acanthophora Spicifera,species,Brasil (SP),walking,sessile
200608,herbivorous,Tegula Viridula,species,Acanthophora Spicifera,species,Brasil (SP),walking,sessile
200609,herbivorous,Bathygobius Soporator,species,Acanthophora Spicifera,species,Brasil (SP),swimming,sessile
200612,herbivorous,Litopenaeus Schmitti,species,Acanthophora Spicifera,species,Brasil (SP),walking,sessile
200613,herbivorous,Alpheus Formosus,species,Acanthophora Spicifera,species,Brasil (SP),walking,sessile
200614,herbivorous,Palaemon Northropi,species,Acanthophora Spicifera,species,Brasil (SP),swimming,sessile
200623,predacious,Bunodosoma Cangicum,species,Ischnochiton Striolatus,species,Brasil (SP),sessile,walking
200624,predacious,Eurypanopeus Abreviatus,species,Ischnochiton Striolatus,species,Brasil (SP),walking,walking
200625,predacious,Bunodosoma Cangicum,species,Tegula Viridula,species,Brasil (SP),sessile,walking
200626,predacious,Bunodosoma Cangicum,species,Morula Nodulosa,species,Brasil (SP),sessile,walking
200627,predacious,Eurypanopeus Abreviatus,species,Crassostrea Virginica,species,Brasil (SP),walking,sessile
200628,predacious,Bunodosoma Cangicum,species,Barbatia Candida,species,Brasil (SP),sessile,sessile
200629,predacious,Eurypanopeus Abreviatus,species,Barbatia Candida,species,Brasil (SP),walking,sessile
200639,predacious,Bunodosoma Cangicum,species,Litopenaeus Schmitti,species,Brasil (SP),sessile,walking
200640,predacious,Bunodosoma Cangicum,species,Alpheus Formosus,species,Brasil (SP),sessile,walking
200641,predacious,Bunodosoma Cangicum,species,Palaemon Northropi,species,Brasil (SP),sessile,swimming
200643,predacious,Palaemon Northropi,species,Palaemon Northropi,species,Brasil (SP),swimming,swimming
200644,predacious,Bunodosoma Cangicum,species,Clibanarius Vittatus,species,Brasil (SP),sessile,walking
200645,predacious,Bunodosoma Cangicum,species,Callinectes Sapidus,species,Brasil (SP),sessile,walking
200646,predacious,Bathygobius Soporator,species,Callinectes Sapidus,species,Brasil (SP),swimming,walking
200647,predacious,Bunodosoma Cangicum,species,Cronius Ruber,species,Brasil (SP),sessile,walking
200648,predacious,Bathygobius Soporator,species,Cronius Ruber,species,Brasil (SP),swimming,walking
200649,predacious,Bunodosoma Cangicum,species,Eurypanopeus Abreviatus,species,Brasil (SP),sessile,walking
200650,predacious,Eurypanopeus Abreviatus,species,Eurypanopeus Abreviatus,species,Brasil (SP),walking,walking
200651,predacious,Bathygobius Soporator,species,Eurypanopeus Abreviatus,species,Brasil (SP),swimming,walking
200654,predacious,Clibanarius Vittatus,species,Odontesthes Argentinensis,species,Brasil (SP),walking,swimming
200655,predacious,Bunodosoma Cangicum,species,Odontesthes Argentinensis,species,Brasil (SP),sessile,swimming
200657,predacious,Bunodosoma Cangicum,species,Bathygobius Soporator,species,Brasil (SP),sessile,swimming
200658,predacious,Callinectes Sapidus,species,Bathygobius Soporator,species,Brasil (SP),walking,swimming
200660,predacious,Cronius Ruber,species,Bathygobius Soporator,species,Brasil (SP),walking,swimming
205426,herbivorous,Lottia Subrugosa,species,Chaetomorpha Gracilis,species,Brasil (SP),walking,other
205427,herbivorous,Fissurella Clenchi,species,Chaetomorpha Gracilis,species,Brasil (SP),walking,other
205428,herbivorous,Echinometra Lucunter,species,Chaetomorpha Gracilis,species,Brasil (SP),walking,other
205429,herbivorous,Pachygrapsus Transversus,species,Chaetomorpha Gracilis,species,Brasil (SP),walking,other
205430,herbivorous,Bathygobius Soporator,species,Chaetomorpha Gracilis,species,Brasil (SP),swimming,other
205433,herbivorous,Lottia Subrugosa,species,Sargassum Cymosum,species,Brasil (SP),walking,sessile
205434,herbivorous,Fissurella Clenchi,species,Sargassum Cymosum,species,Brasil (SP),walking,sessile
205435,herbivorous,Echinometra Lucunter,species,Sargassum Cymosum,species,Brasil (SP),walking,sessile
205436,herbivorous,Pachygrapsus Transversus,species,Sargassum Cymosum,species,Brasil (SP),walking,sessile
205437,herbivorous,Bathygobius Soporator,species,Sargassum Cymosum,species,Brasil (SP),swimming,sessile
205440,herbivorous,Lottia Subrugosa,species,Asteronema Breviarticulatum,species,Brasil (SP),walking,sessile
205441,herbivorous,Fissurella Clenchi,species,Asteronema Breviarticulatum,species,Brasil (SP),walking,sessile
205442,herbivorous,Echinometra Lucunter,species,Asteronema Breviarticulatum,species,Brasil (SP),walking,sessile
205443,herbivorous,Pachygrapsus Transversus,species,Asteronema Breviarticulatum,species,Brasil (SP),walking,sessile
205444,herbivorous,Bathygobius Soporator,species,Asteronema Breviarticulatum,species,Brasil (SP),swimming,sessile
205463,predacious,Stramonita Haemastoma,species,Mytilaster Solisianus,species,Brasil (SP),walking,sessile
205466,predacious,Pachygrapsus Transversus,species,Pachygrapsus Transversus,species,Brasil (SP),walking,walking
205467,predacious,Bathygobius Soporator,species,Pachygrapsus Transversus,species,Brasil (SP),swimming,walking
205468,predacious,Stramonita Haemastoma,species,Tetraclita Stalactifera,species,Brasil (SP),walking,sessile
205469,predacious,Stramonita Haemastoma,species,Megabalanus Tintinnabulum,species,Brasil (SP),walking,sessile
205471,predacious,Pachygrapsus Transversus,species,Bathygobius Soporator,species,Brasil (SP),walking,swimming
216139,herbivorous,Pachygrapsus Transversus,species,Ulva Lactuca,species,Brasil (SP),walking,sessile
216140,herbivorous,Bathygobius Soporator,species,Ulva Lactuca,species,Brasil (SP),swimming,sessile
216141,herbivorous,Scartella Cristata,species,Ulva Lactuca,species,Brasil (SP),swimming,sessile
216145,herbivorous,Palaemon Northropi,species,Ulva Lactuca,species,Brasil (SP),swimming,sessile
216146,predacious,Morula Nodulosa,species,Tetraclita Stalactifera,species,Brasil (SP),walking,sessile
216149,predacious,Pachygrapsus Transversus,species,Pachygrapsus Transversus,species,Brasil (SP),walking,walking
216150,predacious,Bathygobius Soporator,species,Pachygrapsus Transversus,species,Brasil (SP),swimming,walking
216151,predacious,Pachygrapsus Transversus,species,Bathygobius Soporator,species,Brasil (SP),walking,swimming
216153,predacious,Pachygrapsus Transversus,species,Scartella Cristata,species,Brasil (SP),walking,swimming
216155,herbivorous,Pachygrapsus Transversus,species,Hypnea Musciformis,species,Brasil (SP),walking,sessile
216156,herbivorous,Bathygobius Soporator,species,Hypnea Musciformis,species,Brasil (SP),swimming,sessile
216157,herbivorous,Scartella Cristata,species,Hypnea Musciformis,species,Brasil (SP),swimming,sessile
216161,herbivorous,Palaemon Northropi,species,Hypnea Musciformis,species,Brasil (SP),swimming,sessile
216167,predacious,Palaemon Northropi,species,Palaemon Northropi,species,Brasil (SP),swimming,swimming
216206,herbivorous,Ischnochiton Striolatus,species,Acanthophora Spicifera,species,Brasil (SP),walking,sessile
216207,herbivorous,Clibanarius Vittatus,species,Acanthophora Spicifera,species,Brasil (SP),walking,sessile
216208,herbivorous,Tegula Viridula,species,Acanthophora Spicifera,species,Brasil (SP),walking,sessile
216209,herbivorous,Cerithium Atratum,species,Acanthophora Spicifera,species,Brasil (SP),walking,sessile
216210,herbivorous,Bathygobius Soporator,species,Acanthophora Spicifera,species,Brasil (SP),swimming,sessile
216214,herbivorous,Alpheus Formosus,species,Acanthophora Spicifera,species,Brasil (SP),walking,sessile
216215,herbivorous,Palaemon Northropi,species,Acanthophora Spicifera,species,Brasil (SP),swimming,sessile
216216,herbivorous,Ischnochiton Striolatus,species,Hypnea Musciformis,species,Brasil (SP),walking,sessile
216217,herbivorous,Clibanarius Vittatus,species,Hypnea Musciformis,species,Brasil (SP),walking,sessile
216218,herbivorous,Tegula Viridula,species,Hypnea Musciformis,species,Brasil (SP),walking,sessile
216219,herbivorous,Cerithium Atratum,species,Hypnea Musciformis,species,Brasil (SP),walking,sessile
216220,herbivorous,Bathygobius Soporator,species,Hypnea Musciformis,species,Brasil (SP),swimming,sessile
216224,herbivorous,Alpheus Formosus,species,Hypnea Musciformis,species,Brasil (SP),walking,sessile
216225,herbivorous,Palaemon Northropi,species,Hypnea Musciformis,species,Brasil (SP),swimming,sessile
216234,predacious,Bunodosoma Cangicum,species,Ischnochiton Striolatus,species,Brasil (SP),sessile,walking
216235,predacious,Bunodosoma Cangicum,species,Tegula Viridula,species,Brasil (SP),sessile,walking
216236,predacious,Bunodosoma Cangicum,species,Morula Nodulosa,species,Brasil (SP),sessile,walking
216255,predacious,Bunodosoma Cangicum,species,Palaemon Northropi,species,Brasil (SP),sessile,swimming
216257,predacious,Palaemon Northropi,species,Palaemon Northropi,species,Brasil (SP),swimming,swimming
216258,predacious,Eurypanopeus Abreviatus,species,Eurypanopeus Abreviatus,species,Brasil (SP),walking,walking
216259,predacious,Bathygobius Soporator,species,Eurypanopeus Abreviatus,species,Brasil (SP),swimming,walking
216262,predacious,Ophiactis Savignyiã¡,species,Ophiactis Savignyiã¡,species,Brasil (SP),walking,walking
216263,predacious,Bunodosoma Cangicum,species,Holothuria Grisea,species,Brasil (SP),sessile,walking
216264,predacious,Bunodosoma Cangicum,species,Bathygobius Soporator,species,Brasil (SP),sessile,swimming
216273,herbivorous,Lottia Subrugosa,species,Ulva Lactuca,species,Brasil (SP),walking,sessile
216274,herbivorous,Pachygrapsus Transversus,species,Ulva Lactuca,species,Brasil (SP),walking,sessile
216275,herbivorous,Echinometra Lucunter,species,Ulva Lactuca,species,Brasil (SP),walking,sessile
216276,herbivorous,Malacoctenus Delalandii,species,Ulva Lactuca,species,Brasil (SP),swimming,sessile
216279,herbivorous,Lottia Subrugosa,species,Caulerpa Racemosa,species,Brasil (SP),walking,sessile
216280,herbivorous,Pachygrapsus Transversus,species,Caulerpa Racemosa,species,Brasil (SP),walking,sessile
216281,herbivorous,Echinometra Lucunter,species,Caulerpa Racemosa,species,Brasil (SP),walking,sessile
216282,herbivorous,Malacoctenus Delalandii,species,Caulerpa Racemosa,species,Brasil (SP),swimming,sessile
216285,herbivorous,Lottia Subrugosa,species,Sargassum Cymosum,species,Brasil (SP),walking,sessile
216286,herbivorous,Pachygrapsus Transversus,species,Sargassum Cymosum,species,Brasil (SP),walking,sessile
216287,herbivorous,Echinometra Lucunter,species,Sargassum Cymosum,species,Brasil (SP),walking,sessile
216288,herbivorous,Malacoctenus Delalandii,species,Sargassum Cymosum,species,Brasil (SP),swimming,sessile
216297,predacious,Stramonita Haemastoma,species,Mytilaster Solisianus,species,Brasil (SP),walking,sessile
216298,predacious,Echinometra Lucunter,species,Malacoctenus Delalandii,species,Brasil (SP),walking,swimming
216299,herbivorous,Lottia Subrugosa,species,Acanthophora Spicifera,species,Brasil (SP),walking,sessile
216300,herbivorous,Pachygrapsus Transversus,species,Acanthophora Spicifera,species,Brasil (SP),walking,sessile
216303,herbivorous,Echinometra Lucunter,species,Acanthophora Spicifera,species,Brasil (SP),walking,sessile
216314,predacious,Pachygrapsus Transversus,species,Scartella Cristata,species,Brasil (SP),walking,swimming
216328,herbivorous,Microphrys Bicornutus,species,Caulerpa Racemosa,species,Brasil (SP),walking,sessile
216329,herbivorous,Fissurella Clenchi,species,Caulerpa Racemosa,species,Brasil (SP),walking,sessile
216330,herbivorous,Pachygrapsus Transversus,species,Caulerpa Racemosa,species,Brasil (SP),walking,sessile
216332,herbivorous,Scartella Cristata,species,Caulerpa Racemosa,species,Brasil (SP),swimming,sessile
216333,herbivorous,Microphrys Bicornutus,species,Sargassum Cymosum,species,Brasil (SP),walking,sessile
216334,herbivorous,Fissurella Clenchi,species,Sargassum Cymosum,species,Brasil (SP),walking,sessile
216335,herbivorous,Pachygrapsus Transversus,species,Sargassum Cymosum,species,Brasil (SP),walking,sessile
216337,herbivorous,Scartella Cristata,species,Sargassum Cymosum,species,Brasil (SP),swimming,sessile
216338,herbivorous,Microphrys Bicornutus,species,Asteronema Breviarticulatum,species,Brasil (SP),walking,sessile
216339,herbivorous,Fissurella Clenchi,species,Asteronema Breviarticulatum,species,Brasil (SP),walking,sessile
216340,herbivorous,Pachygrapsus Transversus,species,Asteronema Breviarticulatum,species,Brasil (SP),walking,sessile
216342,herbivorous,Scartella Cristata,species,Asteronema Breviarticulatum,species,Brasil (SP),swimming,sessile
216348,herbivorous,Microphrys Bicornutus,species,Colpomenia Peregrina,species,Brasil (SP),walking,sessile
216349,herbivorous,Fissurella Clenchi,species,Colpomenia Peregrina,species,Brasil (SP),walking,sessile
216350,herbivorous,Pachygrapsus Transversus,species,Colpomenia Peregrina,species,Brasil (SP),walking,sessile
216352,herbivorous,Scartella Cristata,species,Colpomenia Peregrina,species,Brasil (SP),swimming,sessile
216353,predacious,Pachygrapsus Transversus,species,Pachygrapsus Transversus,species,Brasil (SP),walking,walking
216355,predacious,Stramonita Haemastoma,species,Mytilaster Solisianus,species,Brasil (SP),walking,sessile
216365,predacious,Pachygrapsus Transversus,species,Pachygrapsus Transversus,species,Brasil (SP),walking,walking
216366,predacious,Pachygrapsus Transversus,species,Scartella Cristata,species,Brasil (SP),walking,swimming
216377,herbivorous,Fissurella Clenchi,species,Ulva Lactuca,species,Brasil (SP),walking,sessile
216378,herbivorous,Pachygrapsus Transversus,species,Ulva Lactuca,species,Brasil (SP),walking,sessile
216379,herbivorous,Scartella Cristata,species,Ulva Lactuca,species,Brasil (SP),swimming,sessile
216383,herbivorous,Eriphia Gonagra,species,Ulva Lactuca,species,Brasil (SP),walking,sessile
216384,herbivorous,Fissurella Clenchi,species,Chaetomorpha Gracilis,species,Brasil (SP),walking,other
216385,herbivorous,Pachygrapsus Transversus,species,Chaetomorpha Gracilis,species,Brasil (SP),walking,other
216386,herbivorous,Scartella Cristata,species,Chaetomorpha Gracilis,species,Brasil (SP),swimming,other
216390,herbivorous,Eriphia Gonagra,species,Chaetomorpha Gracilis,species,Brasil (SP),walking,other
216391,herbivorous,Fissurella Clenchi,species,Sargassum Cymosum,species,Brasil (SP),walking,sessile
216392,herbivorous,Pachygrapsus Transversus,species,Sargassum Cymosum,species,Brasil (SP),walking,sessile
216393,herbivorous,Scartella Cristata,species,Sargassum Cymosum,species,Brasil (SP),swimming,sessile
216397,herbivorous,Eriphia Gonagra,species,Sargassum Cymosum,species,Brasil (SP),walking,sessile
216398,predacious,Eriphia Gonagra,species,Fissurella Clenchi,species,Brasil (SP),walking,walking
216399,herbivorous,Fissurella Clenchi,species,Colpomenia Peregrina,species,Brasil (SP),walking,sessile
216400,herbivorous,Pachygrapsus Transversus,species,Colpomenia Peregrina,species,Brasil (SP),walking,sessile
216401,herbivorous,Scartella Cristata,species,Colpomenia Peregrina,species,Brasil (SP),swimming,sessile
216405,herbivorous,Eriphia Gonagra,species,Colpomenia Peregrina,species,Brasil (SP),walking,sessile
216407,herbivorous,Fissurella Clenchi,species,Hypnea Musciformis,species,Brasil (SP),walking,sessile
216408,herbivorous,Pachygrapsus Transversus,species,Hypnea Musciformis,species,Brasil (SP),walking,sessile
216409,herbivorous,Scartella Cristata,species,Hypnea Musciformis,species,Brasil (SP),swimming,sessile
216413,herbivorous,Eriphia Gonagra,species,Hypnea Musciformis,species,Brasil (SP),walking,sessile
216421,predacious,Eriphia Gonagra,species,Stramonita Haemastoma,species,Brasil (SP),walking,walking
216442,herbivorous,Lottia Subrugosa,species,Ulva Lactuca,species,Brasil (SP),walking,sessile
216443,herbivorous,Fissurella Clenchi,species,Ulva Lactuca,species,Brasil (SP),walking,sessile
216444,herbivorous,Microphrys Bicornutus,species,Ulva Lactuca,species,Brasil (SP),walking,sessile
216445,herbivorous,Pachygrapsus Transversus,species,Ulva Lactuca,species,Brasil (SP),walking,sessile
216446,herbivorous,Scartella Cristata,species,Ulva Lactuca,species,Brasil (SP),swimming,sessile
216451,predacious,Pachygrapsus Transversus,species,Pachygrapsus Transversus,species,Brasil (SP),walking,walking
216452,herbivorous,Lottia Subrugosa,species,Asteronema Breviarticulatum,species,Brasil (SP),walking,sessile
216453,herbivorous,Fissurella Clenchi,species,Asteronema Breviarticulatum,species,Brasil (SP),walking,sessile
216454,herbivorous,Microphrys Bicornutus,species,Asteronema Breviarticulatum,species,Brasil (SP),walking,sessile
216455,herbivorous,Pachygrapsus Transversus,species,Asteronema Breviarticulatum,species,Brasil (SP),walking,sessile
216456,herbivorous,Scartella Cristata,species,Asteronema Breviarticulatum,species,Brasil (SP),swimming,sessile
216468,herbivorous,Lottia Subrugosa,species,Hypnea Musciformis,species,Brasil (SP),walking,sessile
216469,herbivorous,Fissurella Clenchi,species,Hypnea Musciformis,species,Brasil (SP),walking,sessile
216470,herbivorous,Microphrys Bicornutus,species,Hypnea Musciformis,species,Brasil (SP),walking,sessile
216471,herbivorous,Pachygrapsus Transversus,species,Hypnea Musciformis,species,Brasil (SP),walking,sessile
216472,herbivorous,Scartella Cristata,species,Hypnea Musciformis,species,Brasil (SP),swimming,sessile
216476,herbivorous,Lottia Subrugosa,species,Jania Rubens,species,Brasil (SP),walking,sessile
216477,herbivorous,Fissurella Clenchi,species,Jania Rubens,species,Brasil (SP),walking,sessile
216478,herbivorous,Microphrys Bicornutus,species,Jania Rubens,species,Brasil (SP),walking,sessile
216479,herbivorous,Pachygrapsus Transversus,species,Jania Rubens,species,Brasil (SP),walking,sessile
216480,herbivorous,Scartella Cristata,species,Jania Rubens,species,Brasil (SP),swimming,sessile
216484,predacious,Pachygrapsus Transversus,species,Scartella Cristata,species,Brasil (SP),walking,swimming
220843,predacious,Eurypanopeus Abreviatus,species,Eurypanopeus Abreviatus,species,Brasil (SP),walking,walking
220844,predacious,Bathygobius Soporator,species,Eurypanopeus Abreviatus,species,Brasil (SP),swimming,walking
220846,predacious,Callinectes Sapidus,species,Bathygobius Soporator,species,Brasil (SP),walking,swimming
220847,predacious,Bathygobius Soporator,species,Callinectes Sapidus,species,Brasil (SP),swimming,walking
220851,predacious,Palaemon Northropi,species,Palaemon Northropi,species,Brasil (SP),swimming,swimming
